Hörster,,,,,,
Nortwayhead,,,,,,
Zweder,,,,,,
Hartenstadt,,,,,,
Hüfinsk,,,,,,
Kuvshchye,,,,,,
Svegau,,,,,,
Newtow,,,,,,
Dippen,,,,,,
Bismainsk,,,,,,
Pomonki,,,,,,
Okhla,,,,,,
Cowerdona,,,,,,
Alkelbitby,,,,,,
Moermerolya,,,,,,
Vladen,,,,,,
Okulov,,,,,,
Soesbach,,,,,,
Lübbeck,,,,,,
Niemer,,,,,,
Nosokolose,,,,,,
Yelnicker,,,,,,
Theid,,,,,,
Lautzbach,,,,,,
Minder,,,,,,
Honovsk,,,,,,
Appino,,,,,,
Walde,,,,,,
Malme,,,,,,
Wusteinsky,,,,,,
Novoch,,,,,,
Rockfoot,,,,,,
Schwaite,,,,,,
Penzlebad,,,,,,
Vieryolk,,,,,,
Osiler,,,,,,
Karland,,,,,,
Obeach,,,,,,
Hutte,,,,,,
Durhaven,,,,,,
Novodsk,,,,,,
Zwöning,,,,,,
Torthay,,,,,,
Huttenburg,,,,,,
Kalesinsk,,,,,,
Wardel,,,,,,
Huttonheim,,,,,,
Trown,,,,,,
Kemnitte,,,,,,
Erdan,,,,,,
Windelft,,,,,,
Yansidel,,,,,,
Hofgeiten,,,,,,
Oxenhead,,,,,,
Svoboyarn,,,,,,
Rossen,,,,,,
Shadan,,,,,,
Croslochye,,,,,,
Siegbeach,,,,,,
Langensk,,,,,,
Surselton,,,,,,
Mtsevsk,,,,,,
Blangen,,,,,,
Schofenburg,,,,,,
Oisdale,,,,,,
Breith,,,,,,
Glück,,,,,,
Branieheim,,,,,,
Straubim,,,,,,
Flöhne,,,,,,
Melowerbarn,,,,,,
Golde,,,,,,
Raveroma,,,,,,
Gräfenhagen,,,,,,
Ambridino,,,,,,
Buturazhsk,,,,,,
Kurthwaite,,,,,,
Treespeln,,,,,,
Münchesket,,,,,,
Pring,,,,,,
Yelen,,,,,,
Alest,,,,,,
Vysont,,,,,,
Shamminna,,,,,,
Gransk,,,,,,
Grizinge,,,,,,
Pfortwart,,,,,,
Kampsfield,,,,,,
Germilnham,,,,,,
Schen,,,,,,
Babaki,,,,,,
Kraun,,,,,,
Clapayevsk,,,,,,
Belomberg,,,,,,
Zainichi,,,,,,
Glasvetsk,,,,,,
Schny,,,,,,
Diegen,,,,,,
Übachach,,,,,,
Zeithenburg,,,,,,
Toria,,,,,,
Stefragby,,,,,,
Danavertang,,,,,,
Rotteng,,,,,,
Grang,,,,,,
Hares,,,,,,
Dalstrollum,,,,,,
Selseprino,,,,,,
Ventian,,,,,,
Antiko,,,,,,
Guang,,,,,,
Uppinum,,,,,,
Chipswich,,,,,,
Dramlin,,,,,,
Earba,,,,,,
Herborden,,,,,,
Needboat,,,,,,
Tehiling,,,,,,
Uppindolane,,,,,,
Busafjorden,,,,,,
Saopani,,,,,,
Hechleattle,,,,,,
Conca,,,,,,
Barkefjord,,,,,,
Landing,,,,,,
Herhing,,,,,,
Petor,,,,,,
Sawbridge,,,,,,
Maidon,,,,,,
Kinsterwood,,,,,,
Kouda,,,,,,
Yange,,,,,,
Tadfjord,,,,,,
Dough,,,,,,
Markiv,,,,,,
Kaldongton,,,,,,
Gaide,,,,,,
Whaven,,,,,,
Acquitorium,,,,,,
Agridge,,,,,,
Mantia,,,,,,
Charlinyi,,,,,,
Sansoluni,,,,,,
Porth,,,,,,
Farefoussa,,,,,,
Luceriaki,,,,,,
Thillang,,,,,,
Sepringhuan,,,,,,
Ruisent,,,,,,
Kinae,,,,,,
Cepham,,,,,,
Tabridge,,,,,,
Seprio,,,,,,
Cruiser,,,,,,
Prineia,,,,,,
Washippina,,,,,,
Aldonoussa,,,,,,
Prowboat,,,,,,
Busanton,,,,,,
Mitchens,,,,,,
Dalsage,,,,,,
Bakeboat,,,,,,
Psaridge,,,,,,
Salling,,,,,,
Southwichan,,,,,,
Histani,,,,,,
Willing,,,,,,
Lorizo,,,,,,
Brassos,,,,,,
Phnos,,,,,,
Lysefjord,,,,,,
Blacton,,,,,,
Adangzhou,,,,,,
Suraton,,,,,,
Indos,,,,,,
Consfjord,,,,,,
Melforden,,,,,,
Prosby,,,,,,
Osaiton,,,,,,
Halton,,,,,,
Petwood,,,,,,
Peteley,,,,,,
Lestos,,,,,,
Vercanor,,,,,,
Wincklade,,,,,,
Qidon,,,,,,
Suncheon,,,,,,
Congqiu,,,,,,
Saudfjord,,,,,,
Frierlin,,,,,,
Balpindola,,,,,,
Kania,,,,,,
Wemble,,,,,,
Tjuvfjord,,,,,,
Bedalia,,,,,,
Colompedum,,,,,,
Redrut,,,,,,
Lekhou,,,,,,
Printréal,,,,,,
Waken,,,,,,